artworks/colossus_1.png,process,375,jpg,75
artworks/colossus_2.png,process,375,jpg,75
artworks/event1.png,process,375,jpg,75
artworks/event2.png,process,375,jpg,75
artworks/event3.png,process,375,jpg,75
artworks/event4.png,process,375,jpg,75
artworks/event5.png,process,375,jpg,75
artworks/gear10.png,process,375,jpg,75
artworks/gear1.png,process,375,jpg,75
artworks/gear2.png,process,375,jpg,75
artworks/gear3.png,process,375,jpg,75
artworks/gear4.png,process,375,jpg,75
artworks/gear5.png,process,375,jpg,75
artworks/gear6.png,process,375,jpg,75
artworks/gear7.png,process,375,jpg,75
artworks/gear8.png,process,375,jpg,75
artworks/gear9.png,process,375,jpg,75
artworks/machine1.png,process,375,jpg,75
artworks/machine2.png,process,375,jpg,75
artworks/mchine3.png,process,375,jpg,75
artworks/parasite1.png,process,375,jpg,75
artworks/parasite2.png,process,375,jpg,75
artworks/Pboard1_ica.png,process,375,jpg,75
artworks/Pboard2_ica.png,process,375,jpg,75
artworks/Pboard3_ica.png,process,375,jpg,75
artworks/Pboard4_ica.png,process,375,jpg,75
artworks/Pboard5-ica.png,process,375,jpg,75
artworks/seeker1.png,process,375,jpg,75
artworks/seeker2.png,process,375,jpg,75
artworks/seeker3.png,process,375,jpg,75
artworks/seeker4.png,process,375,jpg,75
artworks/seeker5.png,process,375,jpg,75
artworks/seeker6.png,process,375,jpg,75
artworks/seeker7.png,process,375,jpg,75
artworks/WONDER-1.png,process,375,jpg,75
artworks/WONDER-2.png,process,375,jpg,75
artworks/WONDER-3.png,process,375,jpg,75
artworks/WONDER-4.png,process,375,jpg,75
artworks/WONDER-5.png,process,375,jpg,75
artworks/WONDER-6.png,process,375,jpg,75
artworks/WONDER-7.png,process,375,jpg,75
