CURIO/in204.png,process,222,jpg,75
CURIO/in201.png,process,222,jpg,75
CURIO/in202.png,process,222,jpg,75
CURIO/in203.png,process,222,jpg,75
CURIO/in205.png,process,222,jpg,75
CURIO/in206.png,process,222,jpg,75
CURIO/in207.png,process,222,jpg,75
CURIO/in208.png,process,222,jpg,75
CURIO/in209.png,process,222,jpg,75
CURIO/in210.png,process,222,jpg,75
CURIO/in211.png,process,222,jpg,75
CURIO/in212.png,process,222,jpg,75
CURIO/in213.png,process,222,jpg,75
CURIO/in214.png,process,222,jpg,75
CURIO/in215.png,process,222,jpg,75
CURIO/in216.png,process,222,jpg,75
CURIO/in217.png,process,222,jpg,75
CURIO/in218.png,process,222,jpg,75
CURIO/in219.png,process,222,jpg,75
CURIO/in220.png,process,222,jpg,75
CURIO/in221.png,process,222,jpg,75
CURIO/in222.png,process,222,jpg,75
CURIO/in223.png,process,222,jpg,75
CURIO/in224.png,process,222,jpg,75
CURIO/in225.png,process,222,jpg,75
CURIO/in226.png,process,222,jpg,75
CURIO/in227.png,process,222,jpg,75
CURIO/in228.png,process,222,jpg,75
CURIO/in229.png,process,222,jpg,75
CURIO/in230.png,process,222,jpg,75
CURIO/in231.png,process,222,jpg,75
CURIO/in232.png,process,222,jpg,75
CURIO/in233.png,process,222,jpg,75
CURIO/in234.png,process,222,jpg,75
CURIO/in235.png,process,222,jpg,75
CURIO/in236.png,process,222,jpg,75
CURIO/in237.png,process,222,jpg,75
CURIO/in238.png,process,222,jpg,75
CURIO/in239.png,process,222,jpg,75
CURIO/in240.png,process,222,jpg,75
CURIO/in241.png,process,222,jpg,75
CURIO/in242.png,process,222,jpg,75
CURIO/in243.png,process,222,jpg,75
CURIO/in244.png,process,222,jpg,75
CURIO/in245.png,process,222,jpg,75
CURIO/in246.png,process,222,jpg,75
CURIO/in247.png,process,222,jpg,75
CURIO/in248.png,process,222,jpg,75
CURIO/in249.png,process,222,jpg,75
CURIO/in250.png,process,222,jpg,75
EVENT/in018.png,process,222,jpg,75
EVENT/in019.png,process,222,jpg,75
EVENT/in020.png,process,222,jpg,75
EVENT/in021.png,process,222,jpg,75
EVENT/in022.png,process,222,jpg,75
EVENT/in023.png,process,222,jpg,75
EVENT/in024.png,process,222,jpg,75
EVENT/in025.png,process,222,jpg,75
GEAR/in008.png,process,222,jpg,75
GEAR/in009.png,process,222,jpg,75
GEAR/in010.png,process,222,jpg,75
GEAR/in011.png,process,222,jpg,75
GEAR/in012.png,process,222,jpg,75
GEAR/in013.png,process,222,jpg,75
GEAR/in014.png,process,222,jpg,75
GEAR/in015.png,process,222,jpg,75
GEAR/in016.png,process,222,jpg,75
GEAR/in017.png,process,222,jpg,75
SEEKERS/in001.png,process,222,jpg,75
SEEKERS/in002.png,process,222,jpg,75
SEEKERS/in003.png,process,222,jpg,75
SEEKERS/in004.png,process,222,jpg,75
SEEKERS/in005.png,process,222,jpg,75
SEEKERS/in006.png,process,222,jpg,75
SEEKERS/in007.png,process,222,jpg,75
WONDER/in057.png,process,222,jpg,75
WONDER/in058.png,process,222,jpg,75
WONDER/in059.png,process,222,jpg,75
WONDER/in060.png,process,222,jpg,75
WONDER/in061.png,process,222,jpg,75
WONDER/in062.png,process,222,jpg,75
WONDER/in063.png,process,222,jpg,75
