Attunement01.png,process,375,jpg,75
Attunement02.png,process,375,jpg,75
Attunement03.png,process,375,jpg,75
Attunement04.png,process,375,jpg,75
Attunement05.png,process,375,jpg,75
Attunement06.png,process,375,jpg,75
Attunement07.png,process,375,jpg,75
Attunement08.png,process,375,jpg,75
Attunement09.png,process,375,jpg,75
Attunement10.png,process,375,jpg,75
champ_1.png,process,375,jpg,75
champ_2.png,process,375,jpg,75
champ_3.png,process,375,jpg,75
champ_4.png,process,375,jpg,75
champ_5.png,process,375,jpg,75
champ_6.png,process,375,jpg,75
champ_7.png,process,375,jpg,75
Enart01.png,process,375,jpg,75
Enart02.png,process,375,jpg,75
Enart03.png,process,375,jpg,75
Enart04.png,process,375,jpg,75
Enart05.png,process,375,jpg,75
Enart06.png,process,375,jpg,75
Enart07.png,process,375,jpg,75
Enart08.png,process,375,jpg,75
Enart09.png,process,375,jpg,75
Enart10.png,process,375,jpg,75
Event1.png,process,375,jpg,75
Event2.png,process,375,jpg,75
Event3.png,process,375,jpg,75
Event4.png,process,375,jpg,75
Event5.png,process,375,jpg,75
Event6.png,process,375,jpg,75
Monster01.png,process,375,jpg,75
Monster02.png,process,375,jpg,75
Monster03.png,process,375,jpg,75
Monster04.png,process,375,jpg,75
Monster05.png,process,375,jpg,75
Monster06.png,process,375,jpg,75
Monster07.png,process,375,jpg,75
Pboard1.png,process,375,jpg,75
Pboard2.png,process,375,jpg,75
Pboard3.png,process,375,jpg,75
Pboard4.png,process,375,jpg,75
Pboard5.png,process,375,jpg,75
