mystheacards/attunement/a01.png,process,222,jpg,75
mystheacards/attunement/a02.png,process,222,jpg,75
mystheacards/attunement/a03.png,process,222,jpg,75
mystheacards/attunement/a04.png,process,222,jpg,75
mystheacards/attunement/a05.png,process,222,jpg,75
mystheacards/attunement/a06.png,process,222,jpg,75
mystheacards/attunement/a07.png,process,222,jpg,75
mystheacards/attunement/a08.png,process,222,jpg,75
mystheacards/attunement/a09.png,process,222,jpg,75
mystheacards/attunement/a10.png,process,222,jpg,75
mystheacards/champions/h01.png,process,222,jpg,75
mystheacards/champions/h02.png,process,222,jpg,75
mystheacards/champions/h03.png,process,222,jpg,75
mystheacards/champions/h04.png,process,222,jpg,75
mystheacards/champions/h05.png,process,222,jpg,75
mystheacards/champions/h06.png,process,222,jpg,75
mystheacards/champions/h07.png,process,222,jpg,75
mystheacards/command/c001.png,process,222,jpg,75
mystheacards/command/c002.png,process,222,jpg,75
mystheacards/command/c003.png,process,222,jpg,75
mystheacards/command/c004.png,process,222,jpg,75
mystheacards/command/c005.png,process,222,jpg,75
mystheacards/command/c006.png,process,222,jpg,75
mystheacards/command/c007.png,process,222,jpg,75
mystheacards/command/c008.png,process,222,jpg,75
mystheacards/command/c009.png,process,222,jpg,75
mystheacards/command/c010.png,process,222,jpg,75
mystheacards/command/c011.png,process,222,jpg,75
mystheacards/command/c012.png,process,222,jpg,75
mystheacards/command/c013.png,process,222,jpg,75
mystheacards/command/c014.png,process,222,jpg,75
mystheacards/command/c015.png,process,222,jpg,75
mystheacards/command/c016.png,process,222,jpg,75
mystheacards/command/c017.png,process,222,jpg,75
mystheacards/command/c018.png,process,222,jpg,75
mystheacards/command/c019.png,process,222,jpg,75
mystheacards/command/c020.png,process,222,jpg,75
mystheacards/command/c021.png,process,222,jpg,75
mystheacards/command/c022.png,process,222,jpg,75
mystheacards/command/c023.png,process,222,jpg,75
mystheacards/command/c024.png,process,222,jpg,75
mystheacards/command/c025.png,process,222,jpg,75
mystheacards/command/c026.png,process,222,jpg,75
mystheacards/command/c027.png,process,222,jpg,75
mystheacards/command/c028.png,process,222,jpg,75
mystheacards/command/c029.png,process,222,jpg,75
mystheacards/command/c030.png,process,222,jpg,75
mystheacards/command/c031.png,process,222,jpg,75
mystheacards/command/c032.png,process,222,jpg,75
mystheacards/command/c033.png,process,222,jpg,75
mystheacards/command/c034.png,process,222,jpg,75
mystheacards/command/c035.png,process,222,jpg,75
mystheacards/command/c036.png,process,222,jpg,75
mystheacards/command/c037.png,process,222,jpg,75
mystheacards/command/c038.png,process,222,jpg,75
mystheacards/command/c039.png,process,222,jpg,75
mystheacards/command/c040.png,process,222,jpg,75
mystheacards/command/c041.png,process,222,jpg,75
mystheacards/command/c042.png,process,222,jpg,75
mystheacards/command/c043.png,process,222,jpg,75
mystheacards/command/c044.png,process,222,jpg,75
mystheacards/command/c045.png,process,222,jpg,75
mystheacards/command/c046.png,process,222,jpg,75
mystheacards/command/c047.png,process,222,jpg,75
mystheacards/command/c048.png,process,222,jpg,75
mystheacards/command/c049.png,process,222,jpg,75
mystheacards/command/c050.png,process,222,jpg,75
mystheacards/command/c051.png,process,222,jpg,75
mystheacards/command/c052.png,process,222,jpg,75
mystheacards/command/c053.png,process,222,jpg,75
mystheacards/command/c054.png,process,222,jpg,75
mystheacards/command/c055.png,process,222,jpg,75
mystheacards/command/c056.png,process,222,jpg,75
mystheacards/command/c057.png,process,222,jpg,75
mystheacards/command/c058.png,process,222,jpg,75
mystheacards/command/c059.png,process,222,jpg,75
mystheacards/command/c060.png,process,222,jpg,75
mystheacards/command/c061.png,process,222,jpg,75
mystheacards/command/c062.png,process,222,jpg,75
mystheacards/command/c063.png,process,222,jpg,75
mystheacards/command/c064.png,process,222,jpg,75
mystheacards/command/c065.png,process,222,jpg,75
mystheacards/command/c066.png,process,222,jpg,75
mystheacards/command/c067.png,process,222,jpg,75
mystheacards/command/c068.png,process,222,jpg,75
mystheacards/command/c069.png,process,222,jpg,75
mystheacards/command/c070.png,process,222,jpg,75
mystheacards/command/c071.png,process,222,jpg,75
mystheacards/command/c072.png,process,222,jpg,75
mystheacards/command/c073.png,process,222,jpg,75
mystheacards/command/c074.png,process,222,jpg,75
mystheacards/command/c075.png,process,222,jpg,75
mystheacards/command/c076.png,process,222,jpg,75
mystheacards/command/c077.png,process,222,jpg,75
mystheacards/command/c078.png,process,222,jpg,75
mystheacards/command/c079.png,process,222,jpg,75
mystheacards/command/c080.png,process,222,jpg,75
mystheacards/encounters/back/en_b01.png,process,222,jpg,75
mystheacards/encounters/back/en_b02.png,process,222,jpg,75
mystheacards/encounters/back/en_b03.png,process,222,jpg,75
mystheacards/encounters/back/en_b04.png,process,222,jpg,75
mystheacards/encounters/back/en_b05.png,process,222,jpg,75
mystheacards/encounters/back/en_b06.png,process,222,jpg,75
mystheacards/encounters/back/en_b07.png,process,222,jpg,75
mystheacards/encounters/back/en_b08.png,process,222,jpg,75
mystheacards/encounters/back/en_b09.png,process,222,jpg,75
mystheacards/encounters/back/en_b10.png,process,222,jpg,75
mystheacards/encounters/back/en_b11.png,process,222,jpg,75
mystheacards/encounters/back/en_b12.png,process,222,jpg,75
mystheacards/encounters/back/en_b13.png,process,222,jpg,75
mystheacards/encounters/back/en_b14.png,process,222,jpg,75
mystheacards/encounters/back/en_b15.png,process,222,jpg,75
mystheacards/encounters/back/en_b16.png,process,222,jpg,75
mystheacards/encounters/back/en_b17.png,process,222,jpg,75
mystheacards/encounters/back/en_b18.png,process,222,jpg,75
mystheacards/encounters/back/en_b19.png,process,222,jpg,75
mystheacards/encounters/back/en_b20.png,process,222,jpg,75
mystheacards/encounters/back/en_b21.png,process,222,jpg,75
mystheacards/encounters/back/en_b22.png,process,222,jpg,75
mystheacards/encounters/back/en_b23.png,process,222,jpg,75
mystheacards/encounters/back/en_b24.png,process,222,jpg,75
mystheacards/encounters/back/en_b25.png,process,222,jpg,75
mystheacards/encounters/back/en_b26.png,process,222,jpg,75
mystheacards/encounters/back/en_b27.png,process,222,jpg,75
mystheacards/encounters/back/en_b28.png,process,222,jpg,75
mystheacards/encounters/back/en_b29.png,process,222,jpg,75
mystheacards/encounters/back/en_b30.png,process,222,jpg,75
mystheacards/encounters/front/en01.png,process,222,jpg,75
mystheacards/encounters/front/en02.png,process,222,jpg,75
mystheacards/encounters/front/en03.png,process,222,jpg,75
mystheacards/encounters/front/en04.png,process,222,jpg,75
mystheacards/encounters/front/en05.png,process,222,jpg,75
mystheacards/encounters/front/en06.png,process,222,jpg,75
mystheacards/encounters/front/en07.png,process,222,jpg,75
mystheacards/encounters/front/en08.png,process,222,jpg,75
mystheacards/encounters/front/en09.png,process,222,jpg,75
mystheacards/encounters/front/en10.png,process,222,jpg,75
mystheacards/encounters/front/en11.png,process,222,jpg,75
mystheacards/encounters/front/en12.png,process,222,jpg,75
mystheacards/encounters/front/en13.png,process,222,jpg,75
mystheacards/encounters/front/en14.png,process,222,jpg,75
mystheacards/encounters/front/en15.png,process,222,jpg,75
mystheacards/encounters/front/en16.png,process,222,jpg,75
mystheacards/encounters/front/en17.png,process,222,jpg,75
mystheacards/encounters/front/en18.png,process,222,jpg,75
mystheacards/encounters/front/en19.png,process,222,jpg,75
mystheacards/encounters/front/en20.png,process,222,jpg,75
mystheacards/encounters/front/en21.png,process,222,jpg,75
mystheacards/encounters/front/en22.png,process,222,jpg,75
mystheacards/encounters/front/en23.png,process,222,jpg,75
mystheacards/encounters/front/en24.png,process,222,jpg,75
mystheacards/encounters/front/en25.png,process,222,jpg,75
mystheacards/encounters/front/en26.png,process,222,jpg,75
mystheacards/encounters/front/en27.png,process,222,jpg,75
mystheacards/encounters/front/en28.png,process,222,jpg,75
mystheacards/encounters/front/en29.png,process,222,jpg,75
mystheacards/encounters/front/en30.png,process,222,jpg,75
mystheacards/events/ev01.png,process,222,jpg,75
mystheacards/events/ev02.png,process,222,jpg,75
mystheacards/events/ev03.png,process,222,jpg,75
mystheacards/events/ev04.png,process,222,jpg,75
mystheacards/events/ev05.png,process,222,jpg,75
mystheacards/events/ev06.png,process,222,jpg,75
mystheacards/events/ev07.png,process,222,jpg,75
mystheacards/events/ev08.png,process,222,jpg,75
mystheacards/events/ev09.png,process,222,jpg,75
mystheacards/events/ev10.png,process,222,jpg,75
mystheacards/events/ev11.png,process,222,jpg,75
mystheacards/events/ev12.png,process,222,jpg,75
mystheacards/events/ev13.png,process,222,jpg,75
