in036.png,process,375,jpg,75
in037.png,process,375,jpg,75
in038.png,process,375,jpg,75
in039.png,process,375,jpg,75
in040.png,process,375,jpg,75
in041.png,process,375,jpg,75
in042.png,process,375,jpg,75
in043.png,process,375,jpg,75
in044.png,process,375,jpg,75
in045.png,process,375,jpg,75
in046.png,process,375,jpg,75
in047.png,process,375,jpg,75
in048.png,process,375,jpg,75
in049.png,process,375,jpg,75
in050.png,process,375,jpg,75
in051.png,process,375,jpg,75
in052.png,process,375,jpg,75
in053.png,process,375,jpg,75
in054.png,process,375,jpg,75
in055.png,process,375,jpg,75
in056.png,process,375,jpg,75
